BPM;Manual;Strain;Type
23;34;Abeta;abeta
46;42;Abeta;abeta
0;0;Abeta;abeta
33;36;Abeta;abeta
41;47;Abeta;abeta
9;6;Abeta;abeta
58;63;Abeta;abeta
36;41;Abeta;abeta
19;17;Abeta;abeta
27;26;Abeta;abeta
14;14;Abeta;abeta
18;7;Abeta;abeta
42;45;Abeta;abeta
72;83;Abeta;abeta
23;14;Abeta;abeta
15;13;Abeta;abeta
7;5;Abeta;abeta
47;50;Abeta;abeta
0;0;Abeta;abeta
17;16;Abeta;abeta
92;96;OW1603;abeta
78;96;OW1603;abeta
84;90;OW1603;abeta
109;129;OW1603;abeta
99;109;OW1603;abeta
87;92;OW1603;abeta
3;5;OW1603;abeta
105;114;OW1603;abeta
82;99;OW1603;abeta
82;77;OW1603;abeta
75;72;OW1603;abeta
68;66;OW1603;abeta
91;94;OW1603;abeta
75;73;OW1603;abeta
4;3;OW1603;abeta
22;10;OW1603;abeta
52;42;OW1603;abeta
59;58;OW1603;abeta
65;58;OW1603;abeta
82;88;OW1603;abeta
57;43;Q0;asyn
88;91;Q0;asyn
79;91;Q0;asyn
66;73;Q0;asyn
140;134;Q0;asyn
99;106;Q0;asyn
82;90;Q0;asyn
60;58;Q0;asyn
119;104;Q0;asyn
66;61;Q0;asyn
35;32;Q0;asyn
68;68;Q0;asyn
80;77;Q0;asyn
75;74;Q0;asyn
72;72;Q0;asyn
98;99;Q0;asyn
49;51;Q0;asyn
56;56;Q0;asyn
77;77;Q0;asyn
84;85;Q0;asyn
50;52;OW40;asyn
49;42;OW40;asyn
65;73;OW40;asyn
49;48;OW40;asyn
30;32;OW40;asyn
55;62;OW40;asyn
53;57;OW40;asyn
45;41;OW40;asyn
56;54;OW40;asyn
47;41;OW40;asyn
43;44;OW40;asyn
51;58;OW40;asyn
42;39;OW40;asyn
37;40;OW40;asyn
43;53;OW40;asyn
47;53;OW40;asyn
48;39;OW40;asyn
3;4;OW40;asyn
36;32;OW40;asyn
46;45;OW40;asyn